Id,Name,MembershipType,JoinDate,ExpirationDate
M00088,Nelle Hayes,Bronze,06/10/2023,12/01/2024
M00222,Danny Denesik,Bronze,30/05/2023,28/03/2024
M00114,Ignacio Hodkiewicz,Platinum,02/04/2023,10/03/2024
M00145,Dusty Collins,Platinum,21/04/2023,09/04/2024
M00073,Whitney Heidenreich,Gold,16/06/2023,29/01/2024
M00098,Jerrell Ortiz,Gold,12/02/2023,10/01/2024
M00227,Syble Reichel,Bronze,16/04/2023,22/01/2024
M00122,Susana Feil,Gold,22/02/2023,13/01/2024
M00238,Fiona Stehr,Platinum,03/02/2023,26/03/2024
M00082,Ignatius McLaughlin,Gold,11/05/2023,19/02/2024
M00040,Loraine Boehm,Gold,21/06/2023,21/01/2024
M00228,Alanna Rath,Silver,17/09/2023,12/01/2024
M00074,Roosevelt Rogahn,Platinum,30/07/2023,18/02/2024
M00119,Anita Tromp,Bronze,10/09/2023,28/03/2024
M00294,Velma Hoeger,Platinum,17/09/2023,08/02/2024
M00279,Narciso Bins,Bronze,26/08/2023,13/02/2024
M00036,Omari Gorczany,Platinum,14/07/2023,27/02/2024
M00151,Bailee Lind,Silver,19/09/2023,26/03/2024
M00220,Einar McCullough,Silver,13/10/2023,23/01/2024
M00270,Kariane Reichel,Platinum,19/10/2023,25/02/2024
M00176,Lexie Stark,Platinum,20/02/2023,25/03/2024
M00180,Orie Lueilwitz,Bronze,31/07/2023,27/01/2024
M00171,Skylar Doyle,Gold,25/09/2023,28/02/2024
M00282,Eldora Schmitt,Silver,04/02/2023,09/04/2024
M00271,"Leonora O'Kon",Bronze,30/01/2023,08/01/2024
M00112,Cristopher Weissnat,Platinum,20/10/2023,08/02/2024
M00285,Cody Hilll,Silver,19/09/2023,02/04/2024
M00217,Carley Turcotte,Platinum,31/07/2023,29/02/2024
M00141,Delaney Conroy,Bronze,23/04/2023,28/01/2024
M00178,Jamie Schneider,Platinum,02/09/2023,17/03/2024
M00102,Arvilla Goyette,Bronze,05/06/2023,29/03/2024
M00126,Leora Kuphal,Bronze,25/10/2023,30/01/2024
M00068,Jesus Ebert,Platinum,02/06/2023,22/01/2024
M00047,Renee Durgan,Platinum,31/07/2023,24/02/2024
M00286,Lucy Jones,Silver,08/05/2023,26/01/2024
M00275,Fanny Streich,Bronze,07/04/2023,06/02/2024
M00006,Louvenia Gislason,Bronze,08/06/2023,19/02/2024
M00134,Mireille Padberg,Silver,03/03/2023,10/02/2024
M00232,Kaelyn Lehner,Platinum,23/05/2023,03/04/2024
M00083,Davonte Vandervort,Bronze,02/10/2023,26/01/2024
M00124,Kaitlyn DuBuque,Bronze,01/09/2023,17/02/2024
M00110,Gerda Bogisich,Gold,03/03/2023,08/03/2024
M00237,Gia Ryan,Silver,02/06/2023,05/03/2024
M00155,Avery Dooley,Platinum,29/07/2023,11/03/2024
M00084,Barton Frami,Platinum,02/03/2023,16/03/2024
M00012,Thora Hintz,Silver,14/08/2023,23/01/2024
M00026,Ceasar Maggio,Bronze,22/06/2023,11/03/2024
M00212,Giles Upton,Bronze,16/09/2023,05/03/2024
M00139,Anna Hoppe,Platinum,05/08/2023,27/03/2024
M00067,Ashlee Wuckert,Bronze,10/05/2023,13/02/2024
M00164,Paula Simonis,Gold,23/09/2023,14/01/2024
M00231,Colleen Jenkins,Silver,29/03/2023,10/01/2024
M00186,Marc Shanahan,Gold,02/07/2023,24/02/2024
M00057,Franco McCullough,Gold,01/05/2023,04/04/2024
M00210,Miles Volkman,Bronze,31/08/2023,21/02/2024
M00150,Otis Swift,Gold,08/05/2023,10/01/2024
M00197,Elise Doyle,Silver,06/09/2023,20/02/2024
M00181,Clair Konopelski,Platinum,23/04/2023,21/01/2024
M00025,Kevin Ruecker,Gold,23/04/2023,04/04/2024
M00014,"Jaycee O'Keefe",Silver,10/09/2023,08/03/2024
M00002,Freddy Cummerata,Gold,05/05/2023,17/02/2024
M00041,Chelsey Bergstrom,Bronze,29/06/2023,16/01/2024
M00016,Trudie Aufderhar,Gold,03/09/2023,21/01/2024
M00137,Zora Gerhold,Gold,03/09/2023,11/02/2024
M00242,Era Kertzmann,Platinum,04/06/2023,07/03/2024
M00291,Jaylan Rutherford,Silver,21/01/2023,20/01/2024
M00039,Rosalinda Leuschke,Bronze,18/07/2023,18/03/2024
M00087,Dedrick Ledner,Platinum,13/04/2023,27/01/2024
M00056,Sean Stokes,Platinum,16/01/2023,28/03/2024
M00075,Johnson Batz,Bronze,30/08/2023,25/02/2024
M00268,Pierre Stark,Platinum,16/09/2023,12/03/2024
M00209,Garland Hansen,Gold,24/04/2023,01/04/2024
M00253,Jacquelyn Olson,Gold,05/09/2023,27/01/2024
M00079,Aurelie Sawayn,Bronze,29/08/2023,21/03/2024
M00080,Angel Senger,Silver,09/03/2023,22/02/2024
M00251,Domenick Terry,Silver,05/07/2023,16/02/2024
M00293,Meggie Watsica,Bronze,26/04/2023,31/01/2024
M00272,Alva White,Platinum,08/02/2023,31/03/2024
M00207,Sydney Dietrich,Gold,13/05/2023,29/03/2024
M00149,Jayda Hills,Platinum,07/08/2023,13/01/2024
M00033,Shakira Kuphal,Bronze,04/10/2023,01/04/2024
M00288,Rickie Connelly,Gold,21/09/2023,04/04/2024
M00100,Sonny Lehner,Gold,05/08/2023,16/01/2024
M00239,Janice Kassulke,Bronze,18/03/2023,16/03/2024
M00070,Edward Moore,Bronze,08/06/2023,09/04/2024
M00240,Tiana Bradtke,Silver,18/04/2023,17/02/2024
M00081,Bessie Blanda,Bronze,10/03/2023,14/03/2024
M00132,Otha Cole,Gold,09/06/2023,12/03/2024
M00037,Caterina Langosh,Silver,21/02/2023,07/04/2024
M00003,Patsy Ruecker,Gold,12/01/2023,04/02/2024
M00230,Maudie Hayes,Bronze,12/03/2023,20/03/2024
M00189,Clair Kreiger,Gold,21/02/2023,06/03/2024
M00172,"Earnestine O'Connell",Silver,15/01/2023,07/03/2024
M00065,Mavis Lakin,Silver,08/04/2023,01/04/2024
M00259,Jolie Zulauf,Bronze,26/02/2023,09/03/2024
M00264,"Nikko O'Conner",Platinum,27/02/2023,08/03/2024
M00234,Jazlyn Abernathy,Platinum,29/06/2023,23/03/2024
M00118,Rodger Oberbrunner,Bronze,10/05/2023,08/04/2024
M00201,Blair Rippin,Platinum,10/03/2023,07/04/2024
M00165,Vilma Gutkowski,Platinum,09/06/2023,15/02/2024
M00245,Kaya Connelly,Bronze,01/02/2023,07/03/2024
M00035,Kelli Little,Bronze,28/09/2023,29/01/2024
M00167,Emile Dibbert,Platinum,18/06/2023,27/03/2024
M00055,Isadore Pouros,Gold,28/07/2023,11/01/2024
M00142,Therese Trantow,Gold,09/03/2023,03/02/2024
M00005,Brant Wolf,Silver,24/05/2023,08/04/2024
M00127,Zoey Kautzer,Platinum,11/08/2023,05/04/2024
M00236,Davonte Cormier,Silver,07/03/2023,05/02/2024
M00235,Holden Doyle,Silver,08/01/2023,19/02/2024
M00117,Vita Considine,Bronze,27/01/2023,04/03/2024
M00300,Vincenzo Schinner,Silver,21/01/2023,15/02/2024
M00161,Novella Crist,Platinum,25/09/2023,12/02/2024
M00211,Noel Rogahn,Bronze,06/02/2023,14/01/2024
M00038,Columbus Nienow,Gold,23/07/2023,04/03/2024
M00077,Jolie Leffler,Platinum,28/07/2023,30/01/2024
M00160,Wilford Hirthe,Silver,16/01/2023,12/01/2024
M00089,Ismael Littel,Silver,15/03/2023,17/01/2024
M00095,Antonette Brown,Platinum,06/02/2023,04/02/2024
M00200,Emile Rodriguez,Gold,21/10/2023,27/02/2024
M00192,Genevieve Bradtke,Gold,22/04/2023,07/03/2024
M00115,Meghan Moen,Bronze,24/10/2023,18/03/2024
M00299,Sallie Jerde,Platinum,13/04/2023,05/02/2024
M00195,Lincoln Bins,Platinum,01/05/2023,13/02/2024
M00009,Carmelo Bartell,Gold,19/08/2023,19/01/2024
M00206,Bettie Dickinson,Gold,27/08/2023,08/04/2024
M00011,Leon Hansen,Platinum,25/09/2023,12/01/2024
M00168,"D'angelo Metz",Silver,20/10/2023,19/03/2024
M00261,Kaden Rath,Bronze,17/02/2023,06/03/2024
M00244,Maximilian Kuhlman,Bronze,02/10/2023,10/02/2024
M00183,Bernita Strosin,Silver,15/01/2023,23/03/2024
M00243,Raegan Padberg,Bronze,27/10/2023,03/02/2024
M00085,Isom Hoeger,Bronze,06/04/2023,10/02/2024
M00147,Justine Greenholt,Silver,31/05/2023,07/02/2024
M00196,Dorian Collins,Bronze,25/07/2023,21/02/2024
M00146,Lora Kshlerin,Bronze,19/03/2023,09/01/2024
M00017,Georgette Towne,Platinum,06/09/2023,17/02/2024
M00248,Lester Boyle,Bronze,22/03/2023,31/03/2024
M00022,Savanna Schinner,Gold,16/06/2023,18/01/2024
M00223,Sterling Gerlach,Bronze,07/07/2023,24/03/2024
M00233,Milford Hoppe,Platinum,26/01/2023,07/02/2024
M00205,Bennie Schinner,Platinum,06/06/2023,27/03/2024
M00170,Dena Gislason,Silver,04/03/2023,21/01/2024
M00287,Benedict Mertz,Bronze,16/02/2023,24/02/2024
M00256,Nicolas Ward,Silver,17/10/2023,08/01/2024
M00144,Giovani Wolf,Gold,27/05/2023,14/03/2024
M00106,Katelyn Kuhlman,Silver,04/09/2023,24/01/2024
M00053,Delfina Thompson,Silver,05/10/2023,09/04/2024
M00054,Noah Homenick,Gold,08/10/2023,20/03/2024
M00203,Evelyn Abernathy,Gold,04/06/2023,06/02/2024
M00092,Hilma Volkman,Gold,21/01/2023,05/04/2024
M00135,Arnold Weissnat,Silver,24/01/2023,05/04/2024
M00297,Deshawn Gerhold,Gold,20/06/2023,04/03/2024
M00182,Kevon Considine,Platinum,21/06/2023,15/02/2024
M00063,Angelita Dach,Platinum,28/06/2023,01/04/2024
M00292,Lauretta Huels,Gold,17/04/2023,15/01/2024
M00024,Blair Hirthe,Bronze,02/05/2023,27/03/2024
M00028,Heidi Sipes,Gold,21/05/2023,29/03/2024
M00133,Esta Turner,Bronze,27/04/2023,07/02/2024
M00018,Deja Schumm,Bronze,09/02/2023,23/02/2024
M00283,Kattie Gerhold,Bronze,13/07/2023,21/01/2024
M00169,Annabel Lemke,Platinum,26/01/2023,13/01/2024
M00093,Elmer Hudson,Silver,03/10/2023,05/04/2024
M00184,Jocelyn Volkman,Bronze,10/10/2023,04/04/2024
M00015,Aniyah Larkin,Bronze,12/05/2023,25/03/2024
M00284,Mustafa Jacobi,Silver,09/03/2023,08/02/2024
M00007,Karl Ernser,Platinum,21/08/2023,21/03/2024
M00140,Zoila Schiller,Bronze,12/06/2023,08/02/2024
M00252,Brayan Barton,Platinum,11/01/2023,20/02/2024
M00154,Iva Morissette,Bronze,12/03/2023,28/02/2024
M00190,Salvador Gleason,Bronze,23/06/2023,29/03/2024
M00194,Rupert Leannon,Gold,29/01/2023,13/01/2024
M00078,Marge Lesch,Bronze,18/01/2023,30/03/2024
M00193,Teresa Kohler,Gold,22/10/2023,15/03/2024
M00229,Crystel Beatty,Silver,21/09/2023,03/04/2024
M00273,Selina Rodriguez,Gold,15/03/2023,10/01/2024
M00281,Gerhard Mann,Gold,02/07/2023,04/03/2024
M00052,Natalia Konopelski,Gold,02/04/2023,17/01/2024
M00163,Garrick Effertz,Gold,14/05/2023,25/02/2024
M00280,Mauricio Ratke,Bronze,13/07/2023,03/02/2024
M00044,Joelle Dach,Silver,22/04/2023,02/04/2024
M00107,Torrey Schumm,Platinum,23/01/2023,29/03/2024
M00046,Abner Muller,Platinum,17/04/2023,18/03/2024
M00019,Heath Witting,Platinum,31/08/2023,19/03/2024
M00276,Hubert Tillman,Silver,19/07/2023,15/02/2024
M00226,Angelita Wolf,Bronze,20/01/2023,06/02/2024
M00111,Osbaldo Kulas,Silver,23/01/2023,24/02/2024
M00129,Lelah Weimann,Gold,06/02/2023,22/01/2024
M00066,Carli Rohan,Bronze,27/04/2023,18/01/2024
M00062,Daniela MacGyver,Gold,19/04/2023,16/02/2024
M00064,Lilly Jacobi,Platinum,23/07/2023,17/02/2024
M00101,Kenneth Ward,Bronze,03/03/2023,07/02/2024
M00010,Janelle Steuber,Bronze,11/05/2023,16/03/2024
M00260,Malachi Metz,Silver,02/06/2023,01/03/2024
M00277,Sherman Kertzmann,Gold,21/01/2023,20/03/2024
M00076,Ian Ledner,Platinum,13/10/2023,12/03/2024
M00121,Daija Thiel,Bronze,05/06/2023,26/01/2024
M00113,Vladimir Ledner,Platinum,26/06/2023,13/01/2024
M00096,Kolby Ratke,Platinum,14/07/2023,12/02/2024
M00051,Shane Bauch,Silver,14/05/2023,25/02/2024
M00166,Garrett Parisian,Platinum,30/06/2023,12/02/2024
M00215,Roel Jaskolski,Platinum,03/04/2023,22/03/2024
M00274,Granville Stanton,Gold,17/05/2023,16/01/2024
M00298,George Pollich,Bronze,02/07/2023,05/03/2024
M00049,Amos Wisozk,Gold,16/01/2023,06/02/2024
M00262,German Beier,Platinum,25/03/2023,01/02/2024
M00060,Federico VonRueden,Platinum,19/09/2023,23/03/2024
M00050,Alicia Heaney,Silver,22/04/2023,03/02/2024
M00042,Desmond McClure,Silver,07/01/2023,30/01/2024
M00202,Adrian Moore,Platinum,05/06/2023,17/03/2024
M00290,Penelope Gibson,Bronze,11/10/2023,15/01/2024
M00247,Winona Terry,Silver,28/01/2023,14/03/2024
M00128,Raina Becker,Gold,24/05/2023,28/01/2024
M00030,Martin White,Silver,08/04/2023,06/04/2024
M00162,Zachary Luettgen,Platinum,21/09/2023,03/02/2024
M00199,Adeline Dickens,Gold,09/04/2023,03/03/2024
M00258,Kallie Keeling,Platinum,01/05/2023,20/03/2024
M00185,Idell Jacobi,Silver,13/02/2023,01/04/2024
M00143,Dessie Breitenberg,Gold,10/06/2023,27/01/2024
M00108,Mazie Kunze,Bronze,24/09/2023,11/01/2024
M00020,Eleonore Gorczany,Bronze,03/09/2023,18/01/2024
M00173,Bonnie Littel,Bronze,29/09/2023,19/01/2024
M00105,Forest Kuvalis,Bronze,26/04/2023,19/02/2024
M00241,Kristopher Rowe,Platinum,06/08/2023,27/01/2024
M00004,Maynard Reinger,Bronze,23/08/2023,14/02/2024
M00029,Bernadine Blanda,Silver,21/05/2023,16/02/2024
M00249,Raphael Stroman,Silver,03/08/2023,15/01/2024
M00001,Chase Walker,Platinum,13/09/2023,10/03/2024
M00187,Murray Gulgowski,Platinum,18/08/2023,29/01/2024
M00058,Elmo Veum,Gold,22/04/2023,07/01/2024
M00013,Kamron Blick,Platinum,07/02/2023,05/04/2024
M00188,Rowland Gottlieb,Platinum,20/05/2023,22/02/2024
M00208,Jeffry Legros,Platinum,08/08/2023,16/03/2024
M00179,Zoey Stiedemann,Silver,08/05/2023,03/04/2024
M00061,Rupert Glover,Silver,16/10/2023,07/01/2024
M00027,Alejandra Raynor,Bronze,13/10/2023,12/03/2024
M00177,Dustin Champlin,Bronze,15/06/2023,07/04/2024
M00255,Rod Nicolas,Gold,08/03/2023,24/02/2024
M00265,Madalyn Feeney,Gold,08/04/2023,23/01/2024
M00130,Crystal Koepp,Silver,12/01/2023,20/03/2024
M00090,Alexzander Trantow,Platinum,17/07/2023,12/01/2024
M00138,Nina Botsford,Gold,12/07/2023,01/02/2024
M00136,Ubaldo Paucek,Silver,25/05/2023,25/03/2024
M00031,"Alexandria D'Amore",Silver,04/04/2023,09/02/2024
M00008,Emma Prohaska,Silver,30/07/2023,12/02/2024
M00153,"Dayana O'Conner",Bronze,11/05/2023,25/03/2024
M00023,Sierra Bahringer,Gold,02/03/2023,29/02/2024
M00216,Janice Braun,Gold,19/01/2023,22/02/2024
M00224,Emerald Herzog,Gold,06/09/2023,27/03/2024
M00043,Brett Abernathy,Gold,18/09/2023,22/03/2024
M00257,Evie Veum,Gold,12/10/2023,01/02/2024
M00097,Kellie Effertz,Bronze,30/07/2023,14/03/2024
M00278,Edythe Bauch,Silver,15/09/2023,04/02/2024
M00269,Derick Lowe,Silver,17/09/2023,06/03/2024
M00246,Idell Boyle,Silver,04/08/2023,30/03/2024
M00250,Tessie Labadie,Gold,20/02/2023,05/02/2024
M00158,Gerda Durgan,Bronze,06/10/2023,17/03/2024
M00219,Angus Herman,Platinum,23/02/2023,02/04/2024
M00156,Paxton Hermiston,Bronze,26/08/2023,31/03/2024
M00109,Blaze Paucek,Gold,16/03/2023,18/02/2024
M00263,Bertram Dickens,Bronze,02/09/2023,28/03/2024
M00131,Gay Beahan,Platinum,26/08/2023,06/04/2024
M00099,Gail Frami,Gold,17/02/2023,22/03/2024
M00148,Laura Greenholt,Bronze,06/02/2023,19/03/2024
M00214,Maryse Wisozk,Gold,20/01/2023,21/03/2024
M00120,Eduardo Kirlin,Platinum,09/09/2023,16/03/2024
M00091,Jaydon Veum,Platinum,24/01/2023,07/03/2024
M00086,Jarvis Morissette,Gold,07/09/2023,15/03/2024
M00213,Hilda Hermann,Gold,11/03/2023,25/02/2024
M00225,Christy Hilll,Bronze,19/06/2023,20/02/2024
M00034,Minerva Howell,Gold,14/04/2023,13/03/2024
M00198,Rhoda Harris,Gold,04/10/2023,06/01/2024
M00059,Bethel Kuphal,Bronze,23/05/2023,19/01/2024
M00069,Eddie Lindgren,Gold,15/04/2023,31/01/2024
M00045,Macey Pacocha,Gold,15/10/2023,25/03/2024
M00021,Vanessa Romaguera,Silver,12/10/2023,31/01/2024
M00116,Ethan Zemlak,Gold,04/02/2023,09/04/2024
M00032,Donato Torphy,Bronze,02/10/2023,30/03/2024
M00048,London Pacocha,Silver,20/04/2023,11/03/2024
M00289,Lukas Zemlak,Silver,05/07/2023,08/02/2024
M00218,Torey Zboncak,Gold,17/02/2023,22/02/2024
M00175,Garrick Christiansen,Bronze,27/07/2023,09/01/2024
M00266,Tevin Emard,Platinum,07/04/2023,08/01/2024
M00103,Columbus Steuber,Silver,28/08/2023,09/01/2024
M00125,Joany Corwin,Silver,06/01/2023,06/02/2024
M00152,Hanna Stiedemann,Platinum,29/08/2023,22/03/2024
M00254,Meta Zboncak,Platinum,08/09/2023,08/04/2024
M00104,Janick Gerhold,Gold,03/02/2023,02/03/2024
M00157,Cicero Goldner,Bronze,21/09/2023,10/01/2024
M00191,Hardy Lemke,Silver,12/09/2023,06/01/2024
M00159,Danyka Champlin,Platinum,11/02/2023,20/01/2024
M00296,Tom Thiel,Platinum,14/03/2023,11/01/2024
M00123,Jewell Steuber,Silver,15/06/2023,23/03/2024
M00267,Leonardo Jacobi,Gold,22/04/2023,03/04/2024
M00174,Sarina Thompson,Silver,21/09/2023,19/03/2024
M00072,Maddison Pacocha,Silver,19/02/2023,07/02/2024
M00071,Audreanne McCullough,Bronze,23/10/2023,01/02/2024
M00094,Kory Ebert,Platinum,30/04/2023,21/03/2024
M00221,"Dino O'Connell",Silver,03/08/2023,25/01/2024
M00295,Hazle Kulas,Silver,02/06/2023,24/02/2024
M00204,Blair Mante,Gold,16/10/2023,24/03/2024
