OrderID,ItemName,Price
R00001,Shake,35
R00001,Burger,55
R00001,Burger,55
R00002,Fries,25
R00002,Salad,55
R00003,Shake,35
R00004,Salad,55
R00004,Shake,35
R00005,Salad,55
R00006,Combo Meal,100
R00006,Combo Meal,100
R00007,Fries,25
R00008,Fries,25
R00008,Salad,55
R00008,Shake,35
R00009,Fries,25
R00009,Salad,55
R00009,Combo Meal,100
R00010,Combo Meal,100
R00010,Shake,35
R00011,Salad,55
R00012,Salad,55
R00012,Fries,25
R00012,Salad,55
R00013,Fries,25
R00013,Burger,55
R00014,Combo Meal,100
R00015,Combo Meal,100
R00015,Salad,55
R00016,Salad,55
R00016,Shake,35
R00016,Shake,35
R00017,Salad,55
R00017,Combo Meal,100
R00017,Salad,55
R00018,Salad,55
R00018,Burger,55
R00019,Salad,55
R00019,Shake,35
R00019,Combo Meal,100
R00020,Fries,25
R00020,Shake,35
R00021,Burger,55
R00021,Salad,55
R00022,Fries,25
R00023,Fries,25
R00023,Shake,35
R00023,Fries,25
R00024,Fries,25
R00025,Fries,25
R00025,Combo Meal,100
R00025,Fries,25
R00026,Shake,35
R00026,Shake,35
R00026,Fries,25
R00027,Fries,25
R00027,Shake,35
R00028,Fries,25
R00029,Burger,55
R00030,Combo Meal,100
R00030,Combo Meal,100
R00031,Salad,55
R00031,Combo Meal,100
R00032,Shake,35
R00032,Salad,55
R00033,Fries,25
R00034,Burger,55
R00034,Combo Meal,100
R00035,Fries,25
R00036,Combo Meal,100
R00037,Burger,55
R00037,Fries,25
R00038,Salad,55
R00038,Combo Meal,100
R00038,Shake,35
R00039,Combo Meal,100
R00039,Combo Meal,100
R00040,Burger,55
R00040,Burger,55
R00041,Salad,55
R00041,Salad,55
R00042,Combo Meal,100
R00042,Burger,55
R00043,Combo Meal,100
R00043,Shake,35
R00044,Combo Meal,100
R00044,Salad,55
R00045,Shake,35
R00045,Fries,25
R00046,Shake,35
R00046,Fries,25
R00047,Fries,25
R00048,Fries,25
R00049,Shake,35
R00049,Shake,35
R00049,Shake,35
R00050,Shake,35
R00051,Combo Meal,100
R00051,Salad,55
R00051,Salad,55
R00052,Shake,35
R00052,Shake,35
R00053,Burger,55
R00054,Shake,35
R00054,Salad,55
R00055,Salad,55
R00056,Burger,55
R00057,Combo Meal,100
R00058,Salad,55
R00059,Shake,35
R00059,Salad,55
R00060,Salad,55
R00060,Combo Meal,100
R00061,Fries,25
R00061,Shake,35
R00061,Burger,55
R00062,Fries,25
R00063,Salad,55
R00063,Burger,55
R00064,Salad,55
R00065,Fries,25
R00065,Shake,35
R00066,Combo Meal,100
R00066,Fries,25
R00066,Shake,35
R00067,Shake,35
R00068,Burger,55
R00069,Salad,55
R00070,Burger,55
R00071,Salad,55
R00071,Salad,55
R00072,Fries,25
R00072,Combo Meal,100
R00072,Burger,55
R00073,Combo Meal,100
R00073,Fries,25
R00073,Salad,55
R00074,Burger,55
R00074,Combo Meal,100
R00074,Salad,55
R00075,Combo Meal,100
R00075,Combo Meal,100
R00075,Salad,55
R00076,Combo Meal,100
R00076,Fries,25
R00077,Salad,55
R00078,Fries,25
R00078,Burger,55
R00078,Shake,35
R00079,Fries,25
R00079,Shake,35
R00080,Shake,35
R00081,Fries,25
R00081,Salad,55
R00081,Combo Meal,100
R00082,Combo Meal,100
R00083,Combo Meal,100
R00083,Fries,25
R00084,Shake,35
R00084,Shake,35
R00084,Salad,55
R00085,Burger,55
R00085,Fries,25
R00085,Combo Meal,100
R00086,Combo Meal,100
R00086,Combo Meal,100
R00087,Salad,55
R00087,Fries,25
R00087,Shake,35
R00088,Burger,55
R00088,Fries,25
R00089,Fries,25
R00089,Burger,55
R00089,Burger,55
R00090,Combo Meal,100
R00091,Salad,55
R00091,Fries,25
R00092,Combo Meal,100
R00092,Combo Meal,100
R00092,Burger,55
R00093,Combo Meal,100
R00093,Combo Meal,100
R00093,Fries,25
R00094,Fries,25
R00094,Combo Meal,100
R00095,Salad,55
R00095,Salad,55
R00095,Burger,55
R00096,Combo Meal,100
R00097,Salad,55
R00097,Salad,55
R00098,Fries,25
R00099,Fries,25
R00099,Salad,55
R00100,Combo Meal,100
R00100,Salad,55
R00100,Fries,25
R00101,Salad,55
R00101,Shake,35
R00101,Combo Meal,100
R00102,Fries,25
R00103,Salad,55
R00104,Burger,55
R00104,Fries,25
R00104,Burger,55
R00105,Salad,55
R00106,Burger,55
R00106,Burger,55
R00106,Combo Meal,100
R00107,Burger,55
R00108,Burger,55
R00109,Combo Meal,100
R00110,Combo Meal,100
R00110,Combo Meal,100
R00110,Fries,25
R00111,Shake,35
R00111,Salad,55
R00111,Salad,55
R00112,Shake,35
R00112,Fries,25
R00112,Fries,25
R00113,Combo Meal,100
R00114,Salad,55
R00115,Fries,25
R00116,Salad,55
R00116,Salad,55
R00117,Fries,25
R00118,Shake,35
R00118,Combo Meal,100
R00119,Salad,55
R00119,Fries,25
R00119,Salad,55
R00120,Combo Meal,100
R00120,Fries,25
R00120,Shake,35
R00121,Salad,55
R00121,Combo Meal,100
R00121,Salad,55
R00122,Combo Meal,100
R00122,Fries,25
R00122,Shake,35
R00123,Burger,55
R00124,Fries,25
R00125,Salad,55
R00125,Burger,55
R00125,Salad,55
R00126,Combo Meal,100
R00126,Burger,55
R00127,Fries,25
R00127,Fries,25
R00128,Burger,55
R00129,Burger,55
R00130,Shake,35
R00131,Shake,35
R00131,Burger,55
R00132,Burger,55
R00132,Salad,55
R00132,Fries,25
R00133,Shake,35
R00133,Burger,55
R00134,Burger,55
R00134,Burger,55
R00134,Salad,55
R00135,Salad,55
R00135,Burger,55
R00136,Combo Meal,100
R00136,Combo Meal,100
R00137,Shake,35
R00138,Salad,55
R00139,Salad,55
R00139,Combo Meal,100
R00140,Shake,35
R00141,Burger,55
R00142,Salad,55
R00142,Shake,35
R00143,Fries,25
R00144,Salad,55
R00144,Burger,55
R00144,Fries,25
R00145,Salad,55
R00145,Burger,55
R00146,Fries,25
R00146,Combo Meal,100
R00147,Salad,55
R00147,Fries,25
R00148,Salad,55
R00149,Salad,55
R00150,Shake,35
R00150,Salad,55
R00150,Salad,55
R00151,Salad,55
R00151,Combo Meal,100
R00151,Fries,25
R00152,Combo Meal,100
R00152,Burger,55
R00152,Shake,35
R00153,Fries,25
R00153,Combo Meal,100
R00154,Salad,55
R00155,Shake,35
R00155,Salad,55
R00155,Combo Meal,100
R00156,Shake,35
R00156,Combo Meal,100
R00157,Fries,25
R00157,Shake,35
R00158,Shake,35
R00158,Burger,55
R00158,Burger,55
R00159,Salad,55
R00159,Shake,35
R00159,Salad,55
R00160,Shake,35
R00160,Salad,55
R00161,Burger,55
R00161,Burger,55
R00162,Shake,35
R00163,Shake,35
R00163,Combo Meal,100
R00163,Fries,25
R00164,Salad,55
R00165,Shake,35
R00165,Burger,55
R00166,Shake,35
R00166,Salad,55
R00167,Combo Meal,100
R00167,Fries,25
R00168,Fries,25
R00169,Combo Meal,100
R00170,Fries,25
R00170,Burger,55
R00171,Combo Meal,100
R00171,Burger,55
R00171,Fries,25
R00172,Shake,35
R00172,Burger,55
R00173,Fries,25
R00173,Combo Meal,100
R00173,Salad,55
R00174,Combo Meal,100
R00174,Burger,55
R00174,Burger,55
R00175,Shake,35
R00175,Burger,55
R00175,Burger,55
R00176,Burger,55
R00177,Fries,25
R00178,Burger,55
R00178,Fries,25
R00179,Shake,35
R00179,Combo Meal,100
R00180,Shake,35
R00180,Salad,55
R00180,Shake,35
R00181,Fries,25
R00181,Fries,25
R00181,Shake,35
R00182,Burger,55
R00183,Shake,35
R00183,Combo Meal,100
R00184,Fries,25
R00184,Combo Meal,100
R00184,Burger,55
R00185,Fries,25
R00185,Burger,55
R00186,Combo Meal,100
R00186,Fries,25
R00186,Salad,55
R00187,Combo Meal,100
R00187,Salad,55
R00188,Fries,25
R00188,Burger,55
R00189,Fries,25
R00189,Salad,55
R00190,Salad,55
R00190,Salad,55
R00191,Shake,35
R00191,Combo Meal,100
R00191,Shake,35
R00192,Salad,55
R00193,Fries,25
R00193,Fries,25
R00193,Fries,25
R00194,Burger,55
R00194,Fries,25
R00195,Salad,55
R00195,Salad,55
R00196,Shake,35
R00196,Burger,55
R00197,Combo Meal,100
R00197,Fries,25
R00197,Fries,25
R00198,Burger,55
R00198,Fries,25
R00199,Salad,55
R00199,Burger,55
R00200,Burger,55
R00200,Salad,55
R00201,Combo Meal,100
R00201,Combo Meal,100
R00201,Burger,55
R00202,Shake,35
R00202,Combo Meal,100
R00203,Fries,25
R00203,Salad,55
R00203,Combo Meal,100
R00204,Combo Meal,100
R00205,Combo Meal,100
R00205,Combo Meal,100
R00205,Salad,55
R00206,Fries,25
R00206,Combo Meal,100
R00206,Shake,35
R00207,Salad,55
R00207,Shake,35
R00208,Fries,25
R00208,Salad,55
R00209,Shake,35
R00209,Shake,35
R00209,Combo Meal,100
R00210,Shake,35
R00210,Salad,55
R00210,Burger,55
R00211,Burger,55
R00211,Shake,35
R00212,Burger,55
R00212,Burger,55
R00212,Combo Meal,100
R00213,Combo Meal,100
R00213,Burger,55
R00214,Burger,55
R00215,Fries,25
R00215,Combo Meal,100
R00216,Combo Meal,100
R00216,Fries,25
R00217,Shake,35
R00217,Shake,35
R00218,Combo Meal,100
R00218,Fries,25
R00219,Fries,25
R00220,Fries,25
R00221,Burger,55
R00221,Combo Meal,100
R00221,Fries,25
R00222,Salad,55
R00222,Burger,55
R00223,Fries,25
R00224,Shake,35
R00224,Fries,25
R00224,Burger,55
R00225,Burger,55
R00226,Combo Meal,100
R00226,Salad,55
R00227,Combo Meal,100
R00227,Salad,55
R00228,Salad,55
R00229,Burger,55
R00229,Combo Meal,100
R00230,Shake,35
R00231,Burger,55
R00231,Salad,55
R00232,Salad,55
R00232,Combo Meal,100
R00232,Combo Meal,100
R00233,Shake,35
R00233,Shake,35
R00233,Salad,55
R00234,Fries,25
R00234,Salad,55
R00234,Fries,25
R00235,Salad,55
R00236,Shake,35
R00236,Burger,55
R00236,Shake,35
R00237,Salad,55
R00237,Salad,55
R00237,Burger,55
R00238,Shake,35
R00238,Combo Meal,100
R00239,Shake,35
R00239,Shake,35
R00240,Combo Meal,100
R00240,Burger,55
R00241,Fries,25
R00241,Shake,35
R00241,Combo Meal,100
R00242,Fries,25
R00243,Shake,35
R00243,Shake,35
R00243,Combo Meal,100
R00244,Salad,55
R00245,Combo Meal,100
R00245,Shake,35
R00246,Combo Meal,100
R00246,Combo Meal,100
R00247,Fries,25
R00247,Fries,25
R00247,Burger,55
R00248,Fries,25
R00248,Salad,55
R00248,Salad,55
R00249,Salad,55
R00250,Shake,35
R00250,Fries,25
R00250,Salad,55
R00251,Fries,25
R00251,Combo Meal,100
R00252,Burger,55
R00252,Combo Meal,100
R00252,Combo Meal,100
R00253,Shake,35
R00253,Salad,55
R00254,Salad,55
R00254,Fries,25
R00254,Shake,35
R00255,Salad,55
R00255,Shake,35
R00255,Combo Meal,100
R00256,Fries,25
R00256,Salad,55
R00256,Burger,55
R00257,Combo Meal,100
R00257,Fries,25
R00258,Fries,25
R00258,Burger,55
R00258,Salad,55
R00259,Salad,55
R00259,Burger,55
R00259,Burger,55
R00260,Burger,55
R00260,Fries,25
R00260,Salad,55
R00261,Fries,25
R00262,Shake,35
R00263,Shake,35
R00264,Shake,35
R00264,Fries,25
R00264,Combo Meal,100
R00265,Fries,25
R00265,Burger,55
R00266,Burger,55
R00266,Salad,55
R00267,Combo Meal,100
R00267,Combo Meal,100
R00267,Salad,55
R00268,Shake,35
R00268,Fries,25
R00269,Fries,25
R00269,Salad,55
R00270,Burger,55
R00270,Fries,25
R00270,Combo Meal,100
R00271,Combo Meal,100
R00271,Burger,55
R00272,Combo Meal,100
R00272,Salad,55
R00272,Combo Meal,100
R00273,Burger,55
R00273,Salad,55
R00274,Combo Meal,100
R00274,Combo Meal,100
R00275,Combo Meal,100
R00275,Fries,25
R00276,Salad,55
R00276,Shake,35
R00276,Salad,55
R00277,Combo Meal,100
R00278,Shake,35
R00278,Salad,55
R00278,Shake,35
R00279,Fries,25
R00280,Fries,25
R00280,Combo Meal,100
R00281,Salad,55
R00281,Salad,55
R00282,Fries,25
R00282,Burger,55
R00282,Burger,55
R00283,Burger,55
R00283,Shake,35
R00283,Salad,55
R00284,Fries,25
R00284,Shake,35
R00285,Fries,25
R00286,Salad,55
R00287,Burger,55
R00287,Fries,25
R00287,Combo Meal,100
R00288,Salad,55
R00289,Combo Meal,100
R00289,Shake,35
R00290,Shake,35
R00290,Fries,25
R00290,Salad,55
R00291,Burger,55
R00291,Shake,35
R00291,Shake,35
R00292,Burger,55
R00293,Salad,55
R00293,Combo Meal,100
R00294,Shake,35
R00295,Burger,55
R00295,Shake,35
R00295,Combo Meal,100
R00296,Fries,25
R00297,Fries,25
R00297,Salad,55
R00297,Fries,25
R00298,Combo Meal,100
R00299,Salad,55
R00300,Shake,35
R00300,Fries,25
R00301,Salad,55
R00301,Combo Meal,100
R00301,Shake,35
R00302,Salad,55
R00302,Salad,55
R00302,Burger,55
R00303,Fries,25
R00303,Shake,35
R00303,Fries,25
R00304,Shake,35
R00304,Burger,55
R00304,Salad,55
R00305,Combo Meal,100
R00306,Fries,25
R00306,Combo Meal,100
R00307,Shake,35
R00307,Salad,55
R00308,Burger,55
R00308,Shake,35
R00309,Fries,25
R00309,Combo Meal,100
R00309,Shake,35
R00310,Salad,55
R00310,Combo Meal,100
R00311,Shake,35
R00312,Burger,55
R00312,Salad,55
R00312,Fries,25
R00313,Combo Meal,100
R00313,Combo Meal,100
R00313,Shake,35
R00314,Fries,25
R00314,Salad,55
R00315,Salad,55
R00316,Salad,55
R00316,Combo Meal,100
R00316,Combo Meal,100
R00317,Combo Meal,100
R00317,Shake,35
R00317,Combo Meal,100
R00318,Salad,55
R00318,Salad,55
R00319,Burger,55
R00320,Salad,55
R00320,Salad,55
R00320,Salad,55
R00321,Burger,55
R00321,Shake,35
R00321,Combo Meal,100
R00322,Combo Meal,100
R00323,Burger,55
R00324,Shake,35
R00324,Shake,35
R00325,Salad,55
R00326,Salad,55
R00327,Salad,55
R00328,Fries,25
R00328,Combo Meal,100
R00329,Combo Meal,100
R00329,Fries,25
R00329,Burger,55
R00330,Burger,55
R00331,Salad,55
R00332,Shake,35
R00332,Shake,35
R00333,Burger,55
R00333,Fries,25
R00334,Fries,25
R00335,Shake,35
R00335,Combo Meal,100
R00336,Shake,35
R00336,Shake,35
R00337,Combo Meal,100
R00337,Burger,55
R00337,Salad,55
R00338,Salad,55
R00338,Combo Meal,100
R00339,Burger,55
R00339,Combo Meal,100
R00340,Combo Meal,100
R00340,Burger,55
R00340,Fries,25
R00341,Burger,55
R00341,Fries,25
R00341,Fries,25
R00342,Burger,55
R00342,Burger,55
R00342,Burger,55
R00343,Shake,35
R00343,Salad,55
R00343,Fries,25
R00344,Combo Meal,100
R00344,Salad,55
R00345,Combo Meal,100
R00345,Salad,55
R00346,Burger,55
R00346,Shake,35
R00346,Shake,35
R00347,Shake,35
R00347,Salad,55
R00347,Salad,55
R00348,Fries,25
R00348,Salad,55
R00349,Burger,55
R00350,Burger,55
R00351,Fries,25
R00352,Salad,55
R00352,Shake,35
R00352,Combo Meal,100
R00353,Shake,35
R00353,Shake,35
R00353,Fries,25
R00354,Fries,25
R00355,Shake,35
R00355,Fries,25
R00356,Shake,35
R00356,Salad,55
R00356,Shake,35
R00357,Fries,25
R00357,Fries,25
R00357,Burger,55
R00358,Burger,55
R00359,Shake,35
R00359,Fries,25
R00359,Fries,25
R00360,Burger,55
R00360,Burger,55
R00361,Burger,55
R00361,Combo Meal,100
R00362,Salad,55
R00362,Combo Meal,100
R00363,Salad,55
R00364,Salad,55
R00365,Salad,55
R00365,Burger,55
R00365,Combo Meal,100
R00366,Fries,25
R00366,Shake,35
R00366,Shake,35
R00367,Burger,55
R00368,Salad,55
R00369,Fries,25
R00369,Fries,25
R00370,Shake,35
R00371,Fries,25
R00371,Burger,55
R00371,Shake,35
R00372,Combo Meal,100
R00373,Burger,55
R00374,Fries,25
R00374,Fries,25
R00375,Fries,25
R00375,Shake,35
R00376,Fries,25
R00376,Fries,25
R00376,Burger,55
R00377,Burger,55
R00377,Burger,55
R00377,Combo Meal,100
R00378,Salad,55
R00378,Combo Meal,100
R00378,Fries,25
R00379,Shake,35
R00379,Fries,25
R00380,Fries,25
R00380,Burger,55
R00380,Combo Meal,100
R00381,Shake,35
R00381,Combo Meal,100
R00382,Burger,55
R00382,Fries,25
R00382,Shake,35
R00383,Shake,35
R00384,Burger,55
R00384,Shake,35
R00384,Fries,25
R00385,Combo Meal,100
R00385,Salad,55
R00385,Shake,35
R00386,Shake,35
R00386,Salad,55
R00387,Salad,55
R00387,Burger,55
R00387,Burger,55
R00388,Fries,25
R00388,Salad,55
R00388,Shake,35
R00389,Burger,55
R00389,Salad,55
R00390,Shake,35
R00391,Shake,35
R00391,Burger,55
R00391,Shake,35
R00392,Combo Meal,100
R00393,Combo Meal,100
R00393,Shake,35
R00393,Fries,25
R00394,Burger,55
R00394,Fries,25
R00395,Combo Meal,100
R00396,Combo Meal,100
R00396,Fries,25
R00396,Burger,55
R00397,Shake,35
R00398,Combo Meal,100
R00398,Combo Meal,100
R00399,Shake,35
R00400,Shake,35
R00400,Combo Meal,100
R00400,Fries,25
R00401,Salad,55
R00401,Combo Meal,100
R00401,Burger,55
R00402,Shake,35
R00402,Fries,25
R00403,Shake,35
R00403,Combo Meal,100
R00404,Burger,55
R00405,Fries,25
R00405,Fries,25
R00405,Fries,25
R00406,Combo Meal,100
R00406,Salad,55
R00406,Salad,55
R00407,Burger,55
R00407,Fries,25
R00407,Burger,55
R00408,Fries,25
R00408,Fries,25
R00409,Shake,35
R00410,Salad,55
R00410,Combo Meal,100
R00411,Burger,55
R00411,Shake,35
R00411,Shake,35
R00412,Salad,55
R00412,Burger,55
R00413,Combo Meal,100
R00414,Salad,55
R00414,Combo Meal,100
R00414,Fries,25
R00415,Burger,55
R00416,Fries,25
R00416,Fries,25
R00416,Burger,55
R00417,Fries,25
R00417,Fries,25
R00417,Shake,35
R00418,Burger,55
R00418,Shake,35
R00419,Combo Meal,100
R00419,Fries,25
R00419,Combo Meal,100
R00420,Salad,55
R00421,Fries,25
R00421,Shake,35
R00422,Burger,55
R00422,Combo Meal,100
R00423,Burger,55
R00424,Fries,25
R00425,Burger,55
R00425,Combo Meal,100
R00425,Salad,55
R00426,Combo Meal,100
R00426,Combo Meal,100
R00427,Shake,35
R00427,Shake,35
R00428,Burger,55
R00429,Combo Meal,100
R00430,Salad,55
R00430,Shake,35
R00431,Combo Meal,100
R00431,Combo Meal,100
R00431,Salad,55
R00432,Fries,25
R00432,Fries,25
R00432,Shake,35
R00433,Fries,25
R00433,Salad,55
R00433,Shake,35
R00434,Shake,35
R00434,Combo Meal,100
R00435,Shake,35
R00436,Burger,55
R00437,Burger,55
R00437,Burger,55
R00437,Combo Meal,100
R00438,Salad,55
R00439,Fries,25
R00439,Burger,55
R00439,Salad,55
R00440,Salad,55
R00440,Salad,55
R00440,Salad,55
R00441,Combo Meal,100
R00442,Shake,35
R00442,Shake,35
R00443,Combo Meal,100
R00444,Shake,35
R00444,Combo Meal,100
R00445,Salad,55
R00445,Salad,55
R00446,Salad,55
R00447,Fries,25
R00447,Fries,25
R00448,Salad,55
R00448,Burger,55
R00449,Combo Meal,100
R00449,Burger,55
R00449,Burger,55
R00450,Fries,25
R00451,Shake,35
R00451,Fries,25
R00452,Combo Meal,100
R00452,Salad,55
R00452,Salad,55
R00453,Combo Meal,100
R00454,Fries,25
R00455,Salad,55
R00455,Salad,55
R00456,Fries,25
R00456,Shake,35
R00457,Combo Meal,100
R00457,Salad,55
R00457,Burger,55
R00458,Combo Meal,100
R00459,Fries,25
R00459,Shake,35
R00460,Salad,55
R00460,Combo Meal,100
R00461,Fries,25
R00461,Burger,55
R00461,Fries,25
R00462,Burger,55
R00463,Burger,55
R00463,Burger,55
R00463,Shake,35
R00464,Burger,55
R00464,Salad,55
R00464,Fries,25
R00465,Fries,25
R00466,Shake,35
R00467,Burger,55
R00467,Salad,55
R00468,Combo Meal,100
R00468,Fries,25
R00469,Salad,55
R00469,Shake,35
R00469,Salad,55
R00470,Burger,55
R00470,Fries,25
R00470,Burger,55
R00471,Fries,25
R00472,Fries,25
R00472,Shake,35
R00472,Combo Meal,100
R00473,Fries,25
R00474,Burger,55
R00475,Fries,25
R00475,Shake,35
R00475,Fries,25
R00476,Burger,55
R00476,Fries,25
R00476,Salad,55
R00477,Fries,25
R00478,Salad,55
R00478,Combo Meal,100
R00478,Shake,35
R00479,Fries,25
R00479,Shake,35
R00480,Salad,55
R00480,Burger,55
R00481,Shake,35
R00481,Salad,55
R00481,Combo Meal,100
R00482,Combo Meal,100
R00483,Salad,55
R00483,Combo Meal,100
R00484,Shake,35
R00484,Burger,55
R00485,Fries,25
R00485,Shake,35
R00485,Fries,25
R00486,Fries,25
R00486,Shake,35
R00486,Combo Meal,100
R00487,Fries,25
R00487,Burger,55
R00487,Shake,35
R00488,Fries,25
R00489,Fries,25
R00490,Burger,55
R00490,Combo Meal,100
R00491,Fries,25
R00491,Combo Meal,100
R00492,Burger,55
R00492,Fries,25
R00493,Fries,25
R00494,Burger,55
R00495,Burger,55
R00495,Burger,55
R00496,Burger,55
R00497,Salad,55
R00497,Shake,35
R00498,Combo Meal,100
R00499,Salad,55
R00500,Shake,35
R00500,Burger,55
R00500,Shake,35
R00501,Fries,25
R00501,Shake,35
R00502,Burger,55
R00502,Shake,35
R00502,Combo Meal,100
R00503,Combo Meal,100
R00503,Burger,55
R00504,Combo Meal,100
R00504,Fries,25
R00505,Salad,55
R00505,Burger,55
R00506,Burger,55
R00506,Combo Meal,100
R00507,Fries,25
R00507,Salad,55
R00508,Fries,25
R00508,Fries,25
R00509,Salad,55
R00510,Shake,35
R00511,Fries,25
R00511,Fries,25
R00511,Shake,35
R00512,Salad,55
R00512,Salad,55
R00513,Burger,55
R00513,Salad,55
R00514,Shake,35
R00515,Salad,55
R00516,Fries,25
R00516,Combo Meal,100
R00516,Shake,35
R00517,Salad,55
R00518,Fries,25
R00519,Salad,55
R00519,Salad,55
R00520,Burger,55
R00520,Fries,25
R00520,Fries,25
R00521,Burger,55
R00522,Combo Meal,100
R00522,Combo Meal,100
R00523,Fries,25
R00523,Burger,55
R00523,Burger,55
R00524,Salad,55
R00524,Fries,25
R00524,Shake,35
R00525,Salad,55
R00525,Shake,35
R00526,Burger,55
R00526,Fries,25
R00526,Fries,25
R00527,Salad,55
R00527,Burger,55
R00527,Salad,55
R00528,Burger,55
R00528,Salad,55
R00528,Shake,35
R00529,Shake,35
R00529,Combo Meal,100
R00530,Burger,55
R00530,Salad,55
R00530,Salad,55
R00531,Combo Meal,100
R00531,Shake,35
R00531,Combo Meal,100
R00532,Burger,55
R00532,Combo Meal,100
R00532,Combo Meal,100
R00533,Shake,35
R00533,Shake,35
R00533,Combo Meal,100
R00534,Combo Meal,100
R00534,Burger,55
R00535,Combo Meal,100
R00535,Fries,25
R00535,Shake,35
R00536,Burger,55
R00536,Shake,35
R00537,Combo Meal,100
R00538,Salad,55
R00538,Salad,55
R00539,Shake,35
R00540,Combo Meal,100
R00540,Burger,55
R00540,Fries,25
R00541,Salad,55
R00541,Fries,25
R00542,Shake,35
R00542,Shake,35
R00542,Shake,35
R00543,Shake,35
R00543,Salad,55
R00543,Fries,25
R00544,Combo Meal,100
R00544,Fries,25
R00544,Shake,35
R00545,Shake,35
R00546,Shake,35
R00546,Fries,25
R00546,Fries,25
R00547,Salad,55
R00547,Shake,35
R00547,Shake,35
R00548,Combo Meal,100
R00549,Fries,25
R00549,Shake,35
R00550,Combo Meal,100
R00550,Burger,55
R00550,Salad,55
R00551,Salad,55
R00552,Salad,55
R00552,Burger,55
R00553,Salad,55
R00553,Combo Meal,100
R00554,Salad,55
R00554,Shake,35
R00555,Combo Meal,100
R00555,Shake,35
R00556,Fries,25
R00557,Salad,55
R00557,Combo Meal,100
R00557,Shake,35
R00558,Fries,25
R00558,Combo Meal,100
R00558,Salad,55
R00559,Combo Meal,100
R00560,Fries,25
R00561,Fries,25
R00562,Salad,55
R00562,Burger,55
R00562,Combo Meal,100
R00563,Burger,55
R00563,Combo Meal,100
R00564,Burger,55
R00564,Shake,35
R00564,Salad,55
R00565,Salad,55
R00566,Shake,35
R00566,Shake,35
R00567,Fries,25
R00568,Fries,25
R00568,Burger,55
R00569,Combo Meal,100
R00570,Burger,55
R00570,Burger,55
R00571,Shake,35
R00571,Shake,35
R00572,Shake,35
R00572,Fries,25
R00573,Salad,55
R00573,Combo Meal,100
R00573,Combo Meal,100
R00574,Salad,55
R00574,Combo Meal,100
R00575,Fries,25
R00575,Combo Meal,100
R00575,Burger,55
R00576,Shake,35
R00576,Salad,55
R00577,Burger,55
R00577,Burger,55
R00578,Salad,55
R00579,Shake,35
R00579,Salad,55
R00579,Salad,55
R00580,Shake,35
R00580,Shake,35
R00581,Burger,55
R00581,Burger,55
R00581,Salad,55
R00582,Combo Meal,100
R00582,Combo Meal,100
R00582,Combo Meal,100
R00583,Combo Meal,100
R00584,Fries,25
R00585,Combo Meal,100
R00585,Combo Meal,100
R00586,Combo Meal,100
R00587,Salad,55
R00587,Shake,35
R00588,Burger,55
R00588,Burger,55
R00588,Salad,55
R00589,Burger,55
R00590,Burger,55
R00590,Burger,55
R00591,Burger,55
R00591,Burger,55
R00591,Burger,55
R00592,Salad,55
R00592,Fries,25
R00593,Combo Meal,100
R00594,Shake,35
R00594,Fries,25
R00595,Fries,25
R00596,Fries,25
R00597,Fries,25
R00597,Combo Meal,100
R00597,Salad,55
R00598,Salad,55
R00599,Combo Meal,100
R00599,Fries,25
R00600,Shake,35
R00600,Salad,55
R00601,Fries,25
R00601,Burger,55
R00602,Shake,35
R00603,Combo Meal,100
R00603,Combo Meal,100
R00604,Combo Meal,100
R00604,Salad,55
R00605,Burger,55
R00605,Fries,25
R00606,Salad,55
R00606,Salad,55
R00606,Shake,35
R00607,Salad,55
R00607,Fries,25
R00608,Shake,35
R00608,Fries,25
R00609,Burger,55
R00610,Fries,25
R00610,Burger,55
R00610,Shake,35
R00611,Shake,35
R00611,Salad,55
R00612,Burger,55
R00612,Burger,55
R00612,Combo Meal,100
R00613,Shake,35
R00614,Combo Meal,100
R00614,Combo Meal,100
R00615,Shake,35
R00616,Fries,25
R00616,Burger,55
R00616,Burger,55
R00617,Burger,55
R00618,Burger,55
R00619,Salad,55
R00620,Fries,25
R00620,Salad,55
R00621,Salad,55
R00621,Fries,25
R00621,Shake,35
R00622,Combo Meal,100
R00622,Fries,25
R00622,Shake,35
R00623,Shake,35
R00623,Fries,25
R00624,Burger,55
R00624,Fries,25
R00624,Shake,35
R00625,Burger,55
R00626,Salad,55
R00626,Salad,55
R00627,Burger,55
R00627,Combo Meal,100
R00628,Fries,25
R00629,Salad,55
R00629,Salad,55
R00629,Salad,55
R00630,Salad,55
R00630,Fries,25
R00630,Shake,35
R00631,Shake,35
R00631,Shake,35
R00632,Burger,55
R00632,Salad,55
R00632,Shake,35
R00633,Burger,55
R00633,Shake,35
R00634,Salad,55
R00634,Fries,25
R00634,Salad,55
R00635,Shake,35
R00636,Combo Meal,100
R00636,Burger,55
R00637,Fries,25
R00637,Fries,25
R00637,Fries,25
R00638,Salad,55
R00638,Salad,55
R00639,Burger,55
R00640,Shake,35
R00641,Burger,55
R00641,Fries,25
R00642,Fries,25
R00642,Fries,25
R00642,Salad,55
R00643,Shake,35
R00643,Shake,35
R00644,Shake,35
R00644,Burger,55
R00644,Shake,35
R00645,Shake,35
R00645,Combo Meal,100
R00646,Burger,55
R00647,Shake,35
R00647,Combo Meal,100
R00647,Fries,25
R00648,Fries,25
R00648,Shake,35
R00649,Shake,35
R00649,Shake,35
R00650,Burger,55
R00651,Salad,55
R00651,Combo Meal,100
R00651,Shake,35
R00652,Fries,25
R00652,Fries,25
R00653,Combo Meal,100
R00653,Fries,25
R00653,Shake,35
R00654,Combo Meal,100
R00655,Shake,35
R00655,Fries,25
R00655,Salad,55
R00656,Shake,35
R00656,Fries,25
R00657,Salad,55
R00657,Burger,55
R00658,Fries,25
R00658,Combo Meal,100
R00659,Burger,55
R00660,Salad,55
R00660,Fries,25
R00660,Combo Meal,100
R00661,Combo Meal,100
R00661,Fries,25
R00662,Burger,55
R00662,Combo Meal,100
R00663,Fries,25
R00664,Salad,55
R00664,Salad,55
R00664,Fries,25
R00665,Shake,35
R00665,Fries,25
R00665,Combo Meal,100
R00666,Combo Meal,100
R00667,Burger,55
R00668,Burger,55
R00669,Shake,35
R00669,Salad,55
R00669,Combo Meal,100
R00670,Fries,25
R00670,Burger,55
R00670,Fries,25
R00671,Burger,55
R00671,Burger,55
R00672,Shake,35
R00673,Burger,55
R00674,Fries,25
R00674,Fries,25
R00674,Fries,25
R00675,Combo Meal,100
R00675,Burger,55
R00676,Salad,55
R00676,Fries,25
R00676,Salad,55
R00677,Combo Meal,100
R00677,Fries,25
R00678,Burger,55
R00678,Salad,55
R00679,Fries,25
R00679,Combo Meal,100
R00680,Salad,55
R00680,Burger,55
R00680,Burger,55
R00681,Fries,25
R00682,Salad,55
R00682,Shake,35
R00682,Combo Meal,100
R00683,Combo Meal,100
R00684,Burger,55
R00685,Fries,25
R00685,Burger,55
R00685,Shake,35
R00686,Combo Meal,100
R00686,Burger,55
R00687,Shake,35
R00687,Combo Meal,100
R00688,Shake,35
R00688,Salad,55
R00688,Fries,25
R00689,Combo Meal,100
R00690,Shake,35
R00691,Burger,55
R00692,Shake,35
R00692,Shake,35
R00693,Fries,25
R00693,Combo Meal,100
R00694,Burger,55
R00695,Salad,55
R00695,Salad,55
R00695,Burger,55
R00696,Fries,25
R00697,Fries,25
R00698,Combo Meal,100
R00698,Burger,55
R00698,Fries,25
R00699,Combo Meal,100
R00699,Fries,25
R00700,Combo Meal,100
R00700,Fries,25
R00701,Burger,55
R00701,Burger,55
R00701,Fries,25
R00702,Salad,55
R00702,Burger,55
R00702,Burger,55
R00703,Salad,55
R00703,Combo Meal,100
R00704,Fries,25
R00704,Fries,25
R00705,Burger,55
R00705,Combo Meal,100
R00705,Combo Meal,100
R00706,Burger,55
R00706,Burger,55
R00707,Shake,35
R00707,Salad,55
R00707,Fries,25
R00708,Shake,35
R00709,Shake,35
R00709,Salad,55
R00709,Fries,25
R00710,Burger,55
R00710,Combo Meal,100
R00711,Shake,35
R00711,Shake,35
R00711,Fries,25
R00712,Salad,55
R00713,Combo Meal,100
R00713,Fries,25
R00714,Salad,55
R00714,Combo Meal,100
R00715,Burger,55
R00715,Salad,55
R00716,Combo Meal,100
R00717,Combo Meal,100
R00717,Combo Meal,100
R00718,Shake,35
R00718,Combo Meal,100
R00719,Combo Meal,100
R00719,Burger,55
R00719,Fries,25
R00720,Combo Meal,100
R00720,Burger,55
R00720,Shake,35
R00721,Salad,55
R00721,Shake,35
R00721,Fries,25
R00722,Burger,55
R00722,Combo Meal,100
R00723,Shake,35
R00723,Combo Meal,100
R00723,Salad,55
R00724,Burger,55
R00725,Fries,25
R00725,Combo Meal,100
R00725,Burger,55
R00726,Shake,35
R00726,Burger,55
R00726,Burger,55
R00727,Burger,55
R00728,Salad,55
R00729,Combo Meal,100
R00730,Burger,55
R00730,Fries,25
R00730,Combo Meal,100
R00731,Shake,35
R00731,Shake,35
R00732,Burger,55
R00733,Burger,55
R00733,Shake,35
R00733,Fries,25
R00734,Shake,35
R00735,Fries,25
R00735,Burger,55
R00736,Salad,55
R00736,Combo Meal,100
R00736,Shake,35
R00737,Fries,25
R00738,Combo Meal,100
R00738,Burger,55
R00739,Combo Meal,100
R00739,Fries,25
R00739,Fries,25
R00740,Burger,55
R00740,Salad,55
R00740,Combo Meal,100
R00741,Salad,55
R00741,Burger,55
R00741,Combo Meal,100
R00742,Shake,35
R00742,Fries,25
R00743,Combo Meal,100
R00743,Combo Meal,100
R00744,Salad,55
R00745,Salad,55
R00746,Shake,35
R00746,Salad,55
R00746,Burger,55
R00747,Shake,35
R00747,Fries,25
R00748,Burger,55
R00748,Salad,55
R00749,Fries,25
R00749,Salad,55
R00749,Fries,25
R00750,Shake,35
R00751,Fries,25
R00751,Shake,35
R00752,Burger,55
R00752,Burger,55
R00752,Burger,55
R00753,Combo Meal,100
R00753,Fries,25
R00753,Combo Meal,100
R00754,Fries,25
R00755,Burger,55
R00756,Salad,55
R00757,Fries,25
R00757,Salad,55
R00758,Fries,25
R00758,Fries,25
R00758,Combo Meal,100
R00759,Salad,55
R00760,Combo Meal,100
R00760,Combo Meal,100
R00760,Burger,55
R00761,Burger,55
R00762,Shake,35
R00762,Salad,55
R00762,Combo Meal,100
R00763,Fries,25
R00764,Burger,55
R00765,Shake,35
R00765,Fries,25
R00765,Combo Meal,100
R00766,Salad,55
R00766,Burger,55
R00767,Burger,55
R00767,Salad,55
R00768,Shake,35
R00768,Burger,55
R00768,Shake,35
R00769,Burger,55
R00769,Burger,55
R00769,Salad,55
R00770,Burger,55
R00770,Burger,55
R00771,Fries,25
R00771,Combo Meal,100
R00772,Fries,25
R00772,Shake,35
R00772,Combo Meal,100
R00773,Combo Meal,100
R00774,Salad,55
R00774,Fries,25
R00774,Burger,55
R00775,Combo Meal,100
R00775,Burger,55
R00776,Combo Meal,100
R00777,Combo Meal,100
R00777,Combo Meal,100
R00777,Shake,35
R00778,Fries,25
R00778,Combo Meal,100
R00778,Burger,55
R00779,Burger,55
R00780,Shake,35
R00780,Fries,25
R00781,Salad,55
R00781,Combo Meal,100
R00781,Fries,25
R00782,Combo Meal,100
R00782,Combo Meal,100
R00783,Burger,55
R00784,Burger,55
R00784,Salad,55
R00785,Shake,35
R00785,Combo Meal,100
R00785,Burger,55
R00786,Salad,55
R00787,Fries,25
R00788,Burger,55
R00789,Burger,55
R00789,Shake,35
R00789,Burger,55
R00790,Fries,25
R00790,Combo Meal,100
R00790,Combo Meal,100
R00791,Combo Meal,100
R00791,Salad,55
R00792,Combo Meal,100
R00793,Fries,25
R00794,Combo Meal,100
R00794,Fries,25
R00795,Combo Meal,100
R00795,Combo Meal,100
R00796,Fries,25
R00797,Burger,55
R00797,Shake,35
R00797,Fries,25
R00798,Burger,55
R00799,Fries,25
R00799,Combo Meal,100
R00799,Burger,55
R00800,Shake,35
R00800,Salad,55
R00801,Shake,35
R00801,Fries,25
R00801,Salad,55
R00802,Fries,25
R00802,Combo Meal,100
R00802,Salad,55
R00803,Salad,55
R00803,Combo Meal,100
R00804,Salad,55
R00804,Burger,55
R00805,Burger,55
R00805,Burger,55
R00805,Combo Meal,100
R00806,Salad,55
R00806,Salad,55
R00807,Shake,35
R00807,Salad,55
R00808,Combo Meal,100
R00809,Salad,55
R00809,Burger,55
R00809,Burger,55
R00810,Shake,35
R00811,Combo Meal,100
R00812,Burger,55
R00813,Fries,25
R00814,Shake,35
R00815,Salad,55
R00815,Shake,35
R00816,Salad,55
R00816,Burger,55
R00817,Salad,55
R00817,Combo Meal,100
R00817,Shake,35
R00818,Burger,55
R00818,Combo Meal,100
R00818,Salad,55
R00819,Salad,55
R00819,Fries,25
R00819,Burger,55
R00820,Salad,55
R00820,Combo Meal,100
R00820,Combo Meal,100
R00821,Burger,55
R00821,Burger,55
R00822,Fries,25
R00823,Shake,35
R00823,Burger,55
R00824,Salad,55
R00825,Combo Meal,100
R00826,Fries,25
R00826,Fries,25
R00827,Burger,55
R00828,Burger,55
R00828,Salad,55
R00829,Combo Meal,100
R00829,Fries,25
R00830,Salad,55
R00831,Fries,25
R00832,Combo Meal,100
R00832,Salad,55
R00832,Fries,25
R00833,Salad,55
R00833,Fries,25
R00834,Fries,25
R00835,Shake,35
R00836,Shake,35
R00837,Shake,35
R00837,Salad,55
R00837,Fries,25
R00838,Salad,55
R00839,Salad,55
R00839,Shake,35
R00840,Fries,25
R00841,Combo Meal,100
R00842,Shake,35
R00842,Shake,35
R00842,Burger,55
R00843,Shake,35
R00843,Combo Meal,100
R00844,Salad,55
R00844,Combo Meal,100
R00845,Fries,25
R00845,Burger,55
R00846,Fries,25
R00846,Burger,55
R00846,Shake,35
R00847,Burger,55
R00847,Combo Meal,100
R00847,Fries,25
R00848,Burger,55
R00848,Salad,55
R00849,Burger,55
R00849,Salad,55
R00850,Salad,55
R00850,Fries,25
R00851,Fries,25
R00851,Combo Meal,100
R00852,Fries,25
R00852,Fries,25
R00853,Fries,25
R00853,Burger,55
R00853,Burger,55
R00854,Combo Meal,100
R00854,Burger,55
R00854,Burger,55
R00855,Fries,25
R00855,Burger,55
R00856,Shake,35
R00856,Salad,55
R00856,Combo Meal,100
R00857,Fries,25
R00857,Burger,55
R00857,Combo Meal,100
R00858,Shake,35
R00858,Combo Meal,100
R00858,Salad,55
R00859,Burger,55
R00860,Burger,55
R00861,Salad,55
R00861,Fries,25
R00862,Combo Meal,100
R00862,Salad,55
R00862,Shake,35
R00863,Burger,55
R00863,Salad,55
R00864,Fries,25
R00865,Burger,55
R00866,Burger,55
R00866,Fries,25
R00866,Combo Meal,100
R00867,Combo Meal,100
R00867,Combo Meal,100
R00867,Salad,55
R00868,Combo Meal,100
R00869,Salad,55
R00869,Salad,55
R00870,Salad,55
R00870,Salad,55
R00871,Combo Meal,100
R00872,Burger,55
R00872,Salad,55
R00873,Fries,25
R00874,Fries,25
R00874,Shake,35
R00875,Fries,25
R00875,Shake,35
R00875,Fries,25
R00876,Shake,35
R00876,Salad,55
R00876,Combo Meal,100
R00877,Shake,35
R00878,Salad,55
R00879,Salad,55
R00879,Burger,55
R00879,Shake,35
R00880,Shake,35
R00880,Salad,55
R00881,Shake,35
R00881,Salad,55
R00882,Fries,25
R00882,Combo Meal,100
R00883,Burger,55
R00883,Shake,35
R00883,Combo Meal,100
R00884,Combo Meal,100
R00885,Fries,25
R00886,Burger,55
R00886,Salad,55
R00887,Fries,25
R00887,Fries,25
R00888,Combo Meal,100
R00889,Shake,35
R00890,Burger,55
R00890,Fries,25
R00890,Shake,35
R00891,Shake,35
R00891,Shake,35
R00891,Combo Meal,100
R00892,Burger,55
R00892,Shake,35
R00893,Shake,35
R00894,Shake,35
R00894,Combo Meal,100
R00894,Shake,35
R00895,Combo Meal,100
R00895,Fries,25
R00896,Burger,55
R00896,Salad,55
R00897,Salad,55
R00898,Burger,55
R00898,Combo Meal,100
R00898,Combo Meal,100
R00899,Fries,25
R00899,Burger,55
R00899,Fries,25
R00900,Shake,35
R00900,Combo Meal,100
R00900,Salad,55
R00901,Salad,55
R00901,Shake,35
R00901,Combo Meal,100
R00902,Burger,55
R00903,Combo Meal,100
R00903,Fries,25
R00904,Salad,55
R00905,Shake,35
R00905,Fries,25
R00905,Salad,55
R00906,Salad,55
R00906,Shake,35
R00907,Salad,55
R00908,Fries,25
R00909,Burger,55
R00909,Fries,25
R00909,Shake,35
R00910,Burger,55
R00911,Shake,35
R00911,Shake,35
R00912,Salad,55
R00912,Combo Meal,100
R00913,Burger,55
R00914,Fries,25
R00914,Salad,55
R00915,Shake,35
R00915,Salad,55
R00915,Shake,35
R00916,Combo Meal,100
R00916,Shake,35
R00917,Burger,55
R00917,Fries,25
R00918,Shake,35
R00918,Shake,35
R00919,Burger,55
R00920,Shake,35
R00920,Burger,55
R00920,Shake,35
R00921,Fries,25
R00921,Combo Meal,100
R00922,Combo Meal,100
R00922,Fries,25
R00923,Burger,55
R00924,Burger,55
R00924,Salad,55
R00924,Shake,35
R00925,Burger,55
R00925,Shake,35
R00925,Shake,35
R00926,Salad,55
R00926,Fries,25
R00926,Combo Meal,100
R00927,Salad,55
R00927,Combo Meal,100
R00927,Combo Meal,100
R00928,Burger,55
R00929,Shake,35
R00929,Combo Meal,100
R00929,Shake,35
R00930,Fries,25
R00930,Shake,35
R00931,Combo Meal,100
R00931,Burger,55
R00931,Fries,25
R00932,Combo Meal,100
R00932,Fries,25
R00933,Salad,55
R00933,Combo Meal,100
R00934,Burger,55
R00935,Fries,25
R00936,Fries,25
R00936,Salad,55
R00936,Shake,35
R00937,Shake,35
R00937,Salad,55
R00937,Combo Meal,100
R00938,Salad,55
R00938,Fries,25
R00939,Shake,35
R00940,Fries,25
R00940,Combo Meal,100
R00940,Burger,55
R00941,Combo Meal,100
R00941,Combo Meal,100
R00942,Shake,35
R00942,Salad,55
R00943,Fries,25
R00944,Salad,55
R00944,Burger,55
R00945,Burger,55
R00945,Combo Meal,100
R00945,Salad,55
R00946,Burger,55
R00946,Burger,55
R00947,Fries,25
R00948,Combo Meal,100
R00948,Shake,35
R00949,Shake,35
R00950,Burger,55
R00950,Burger,55
R00950,Combo Meal,100
R00951,Shake,35
R00951,Salad,55
R00952,Burger,55
R00953,Fries,25
R00954,Combo Meal,100
R00954,Combo Meal,100
R00955,Combo Meal,100
R00955,Salad,55
R00956,Combo Meal,100
R00956,Fries,25
R00957,Fries,25
R00958,Burger,55
R00959,Salad,55
R00959,Shake,35
R00960,Combo Meal,100
R00961,Burger,55
R00962,Combo Meal,100
R00963,Burger,55
R00963,Fries,25
R00964,Shake,35
R00964,Shake,35
R00964,Fries,25
R00965,Burger,55
R00966,Burger,55
R00967,Salad,55
R00967,Shake,35
R00968,Fries,25
R00968,Fries,25
R00969,Combo Meal,100
R00969,Burger,55
R00970,Shake,35
R00970,Combo Meal,100
R00970,Shake,35
R00971,Burger,55
R00972,Shake,35
R00972,Combo Meal,100
R00973,Combo Meal,100
R00973,Combo Meal,100
R00974,Shake,35
R00974,Shake,35
R00975,Shake,35
R00975,Fries,25
R00976,Salad,55
R00977,Salad,55
R00978,Salad,55
R00978,Salad,55
R00978,Fries,25
R00979,Salad,55
R00980,Salad,55
R00980,Combo Meal,100
R00980,Salad,55
R00981,Fries,25
R00981,Burger,55
R00981,Combo Meal,100
R00982,Shake,35
R00982,Fries,25
R00983,Burger,55
R00984,Burger,55
R00985,Shake,35
R00985,Combo Meal,100
R00986,Fries,25
R00986,Shake,35
R00987,Burger,55
R00987,Shake,35
R00988,Shake,35
R00989,Salad,55
R00989,Fries,25
R00989,Shake,35
R00990,Combo Meal,100
R00991,Salad,55
R00991,Burger,55
R00991,Salad,55
R00992,Salad,55
R00992,Shake,35
R00992,Combo Meal,100
R00993,Burger,55
R00993,Burger,55
R00994,Burger,55
R00995,Burger,55
R00995,Salad,55
R00996,Salad,55
R00996,Burger,55
R00996,Salad,55
R00997,Burger,55
R00997,Shake,35
R00998,Shake,35
R00999,Combo Meal,100
R00999,Shake,35
R00999,Burger,55
R01000,Shake,35
R01000,Fries,25
